ACCNUM,YEAR,HOUR,ROAD_CLASS,District,WardNum,ACCLOC,TRAFFCTL,VISIBILITY,RDSFCOND,ACCLASS,IMPACTYPE,INVAGE,INJURY,FATAL_NO,DRIVACT,DRIVCOND,PEDACT,PEDCOND,geometry
4002062071,2014,7,Minor Arterial,Toronto and East York,14,At Intersection,Traffic Signal,Clear,Dry,Non-Fatal Injury,Cyclist Collisions,0 to 4,None,,,,,,"-79.331714, 43.666724"
5001016196,2015,8,Local,North York,17,At Intersection,Stop Sign,Clear,Dry,Non-Fatal Injury,Cyclist Collisions,0 to 4,None,,,,,,"-79.37704, 43.771262"
5001806026,2015,12,Major Arterial,Toronto and East York,9,Non Intersection,No Control,Clear,Dry,Non-Fatal Injury,Cyclist Collisions,0 to 4,None,,,,,,"-79.424808, 43.643004"
5000804946,2015,15,Local,Toronto and East York,12,Non Intersection,No Control,Clear,Dry,Non-Fatal Injury,Cyclist Collisions,0 to 4,None,,,,,,"-79.405063, 43.686713"
8002197002,2018,17,Major Arterial,Scarborough,22,At/Near Private Drive,No Control,Clear,Dry,Non-Fatal Injury,Cyclist Collisions,0 to 4,None,,,,,,"-79.304042, 43.816859"
7001157981,2017,18,Major Arterial,Toronto and East York,14,At/Near Private Drive,No Control,Clear,Dry,Non-Fatal Injury,Cyclist Collisions,0 to 4,None,,,,,,"-79.342189, 43.679412"
7001157981,2017,18,Major Arterial,Toronto and East York,14,At/Near Private Drive,No Control,Clear,Dry,Non-Fatal Injury,Cyclist Collisions,0 to 4,None,,,,,,"-79.342189, 43.679412"
8001571012,2018,11,Major Arterial,North York,18,At/Near Private Drive,No Control,Clear,Dry,Non-Fatal Injury,Other,0 to 4,Minor,,,,,,"-79.417026, 43.785876"
961366,2007,8,Local,North York,17,,Stop Sign,Clear,Dry,Non-Fatal Injury,Pedestrian Collisions,0 to 4,None,,,,,,"-79.37729, 43.772445"
1199249,2010,8,Major Arterial,North York,15,At Intersection,Traffic Signal,Clear,Dry,Non-Fatal Injury,Pedestrian Collisions,0 to 4,None,,,,,,"-79.39639, 43.726345"
8002129020,2018,8,Collector,Toronto and East York,14,Intersection Related,No Control,Clear,Dry,Non-Fatal Injury,Pedestrian Collisions,0 to 4,Major,,,,Running onto Roadway,Inattentive,"-79.327213, 43.674445"
1062115,2008,9,Major Arterial,Toronto and East York,9,At Intersection,Traffic Signal,Clear,Dry,Non-Fatal Injury,Pedestrian Collisions,0 to 4,None,,,,Crossing with right of way,Normal,"-79.45759, 43.674745"
1388613,2013,9,Major Arterial,Scarborough,23,,Traffic Signal,Clear,Dry,Non-Fatal Injury,Pedestrian Collisions,0 to 4,Minimal,,,,Crossing with right of way,Normal,"-79.262767, 43.808814"
974270,2007,10,Major Arterial,North York,18,At Intersection,Traffic Signal,Clear,Dry,Non-Fatal Injury,Pedestrian Collisions,0 to 4,None,,,,,,"-79.43659, 43.794445"
1101072,2009,10,Minor Arterial,Toronto and East York,10,,Traffic Signal,Clear,Dry,Non-Fatal Injury,Pedestrian Collisions,0 to 4,Major,,,,Crossing with right of way,Normal,"-79.38019, 43.639945"
8000498049,2018,10,Major Arterial,Toronto and East York,13,At Intersection,Stop Sign,Clear,Dry,Non-Fatal Injury,Pedestrian Collisions,0 to 4,Major,,,,Crossing with right of way,Normal,"-79.373416, 43.657229"
1147341,2010,12,Major Arterial,Etobicoke York,,At Intersection,Traffic Signal,Clear,Dry,Fatal,Pedestrian Collisions,0 to 4,Minor,,,,Crossing with right of way,Normal,"-79.56319, 43.674445"
1204379,2010,12,Major Arterial,Toronto and East York,10,At Intersection,Traffic Signal,Clear,Dry,Non-Fatal Injury,Pedestrian Collisions,0 to 4,Major,,,,On Sidewalk or Shoulder,Normal,"-79.37749, 43.642045"
5001207270,2015,12,Collector,Toronto and East York,19,Non Intersection,No Control,Clear,Dry,Non-Fatal Injury,Pedestrian Collisions,0 to 4,None,,,,,,"-79.300769, 43.694762"
5001207270,2015,12,Collector,Toronto and East York,19,Non Intersection,No Control,Clear,Dry,Non-Fatal Injury,Pedestrian Collisions,0 to 4,None,,,,,,"-79.300769, 43.694762"
9001971045,2019,12,Minor Arterial,Toronto and East York,9,Intersection Related,Traffic Signal,Clear,Dry,Non-Fatal Injury,Pedestrian Collisions,0 to 4,Major,,,,,Normal,"-79.464794, 43.67839"
990888,2007,13,Major Arterial,Etobicoke York,3,,No Control,Clear,Dry,Non-Fatal Injury,Pedestrian Collisions,0 to 4,None,,,,,,"-79.53759, 43.618545"
1047910,2008,13,Major Arterial,Toronto and East York,,At Intersection,Traffic Signal,Clear,Dry,Fatal,Pedestrian Collisions,0 to 4,None,,,,,,"-79.32359, 43.683345"
1047910,2008,13,Major Arterial,Toronto and East York,,At Intersection,Traffic Signal,Clear,Dry,Fatal,Pedestrian Collisions,0 to 4,None,,,,,,"-79.32359, 43.683345"
1043639,2008,13,Major Arterial,North York,6,,No Control,Clear,Dry,Non-Fatal Injury,Pedestrian Collisions,0 to 4,Major,,,,"Crossing, no Traffic Control",Inattentive,"-79.43439, 43.738845"
1234913,2011,13,Major Arterial,Etobicoke York,1,At Intersection,Traffic Signal,Clear,Dry,Non-Fatal Injury,Pedestrian Collisions,0 to 4,None,,,,,,"-79.56529, 43.737245"
1382904,2013,13,Major Arterial,Toronto and East York,10,At Intersection,Traffic Signal,Clear,Dry,Non-Fatal Injury,Pedestrian Collisions,0 to 4,Major,,,,Crossing with right of way,Normal,"-79.397136, 43.637316"
1361068,2013,13,Local,Toronto and East York,10,,No Control,Clear,Dry,Non-Fatal Injury,Pedestrian Collisions,0 to 4,Major,,,,Coming From Behind Parked Vehicle,Normal,"-79.40652, 43.650237"
1144503,2009,14,Minor Arterial,Toronto and East York,13,At Intersection,Pedestrian Crossover,Clear,Dry,Non-Fatal Injury,Pedestrian Collisions,0 to 4,Major,,,,"Crossing, Pedestrian Crossover",Unknown,"-79.35969, 43.658145"
1218634,2011,14,Minor Arterial,Toronto and East York,14,At Intersection,Traffic Signal,Clear,Dry,Non-Fatal Injury,Pedestrian Collisions,0 to 4,Major,,,,Crossing with right of way,Normal,"-79.34009, 43.661045"
8001478093,2018,14,Major Arterial,Etobicoke York,2,At Intersection,Traffic Signal,Clear,Dry,Non-Fatal Injury,Pedestrian Collisions,0 to 4,Minor,,,,,,"-79.511417, 43.68389"
8001478093,2018,14,Major Arterial,Etobicoke York,2,At Intersection,Traffic Signal,Clear,Dry,Non-Fatal Injury,Pedestrian Collisions,0 to 4,Minor,,,,,,"-79.511417, 43.68389"
924041,2006,15,Local,Toronto and East York,9,,No Control,Clear,Dry,Non-Fatal Injury,Pedestrian Collisions,0 to 4,Major,,,,Running onto Roadway,Inattentive,"-79.45999, 43.671045"
6000901714,2016,15,Minor Arterial,Toronto and East York,4,Non Intersection,No Control,Clear,Dry,Non-Fatal Injury,Pedestrian Collisions,0 to 4,Major,,,,Running onto Roadway,Inattentive,"-79.436633, 43.638697"
9001600712,2019,15,Major Arterial,Toronto and East York,,At Intersection,Traffic Signal,Clear,Dry,Non-Fatal Injury,Pedestrian Collisions,0 to 4,Minimal,,,,Other,Other,"-79.385822, 43.660815"
899004,2006,16,Local,North York,8,At Intersection,No Control,Clear,Dry,Non-Fatal Injury,Pedestrian Collisions,0 to 4,None,,,,,,"-79.42529, 43.719345"
982207,2007,16,Major Arterial,Scarborough,21,At Intersection,Traffic Signal,Clear,Dry,Fatal,Pedestrian Collisions,0 to 4,Minor,,,,,,"-79.29469, 43.745345"
980783,2007,16,Major Arterial,Scarborough,24,,No Control,Clear,Dry,Non-Fatal Injury,Pedestrian Collisions,0 to 4,Minimal,,,,"Crossing, no Traffic Control",Inattentive,"-79.23239, 43.778245"
1024000,2008,16,Major Arterial,Etobicoke York,5,,No Control,Snow,Wet,Non-Fatal Injury,Pedestrian Collisions,0 to 4,Major,,,,Person Getting on/off Vehicle,Normal,"-79.50709, 43.715145"
1313400,2012,16,Local,North York,18,,No Control,Clear,Dry,Non-Fatal Injury,Pedestrian Collisions,0 to 4,Major,,,,Crossing with right of way,Other,"-79.41269, 43.781345"
1386590,2013,16,Collector,Toronto and East York,19,,Stop Sign,Clear,Dry,Non-Fatal Injury,Pedestrian Collisions,0 to 4,None,,,,,,"-79.302364, 43.692603"
9000731621,2019,16,Collector,Scarborough,20,Non Intersection,No Control,Clear,Dry,Non-Fatal Injury,Pedestrian Collisions,0 to 4,Major,,,,,Normal,"-79.241939, 43.727439"
6000944060,2016,17,Major Arterial,Etobicoke York,5,At Intersection,Traffic Signal,Clear,Dry,Non-Fatal Injury,Pedestrian Collisions,0 to 4,None,,,,,,"-79.51984, 43.699214"
6000944060,2016,17,Major Arterial,Etobicoke York,5,At Intersection,Traffic Signal,Clear,Dry,Non-Fatal Injury,Pedestrian Collisions,0 to 4,None,,,,,,"-79.51984, 43.699214"
7001609078,2017,17,Local,Toronto and East York,12,Non Intersection,No Control,Clear,Dry,Non-Fatal Injury,Pedestrian Collisions,0 to 4,None,,,,,,"-79.393703, 43.6999"
903449,2006,18,Local,North York,6,,No Control,Rain,Wet,Fatal,Pedestrian Collisions,0 to 4,Fatal,,,,Running onto Roadway,Normal,"-79.49259, 43.750745"
1053428,2008,18,Major Arterial,North York,18,,No Control,Clear,Wet,Non-Fatal Injury,Pedestrian Collisions,0 to 4,None,,,,,,"-79.41439, 43.775145"
1053428,2008,18,Major Arterial,North York,18,,No Control,Clear,Wet,Non-Fatal Injury,Pedestrian Collisions,0 to 4,None,,,,,,"-79.41439, 43.775145"
1192618,2010,18,Major Arterial,Etobicoke York,7,At Intersection,Traffic Signal,Clear,Dry,Non-Fatal Injury,Pedestrian Collisions,0 to 4,Minor,,,,Crossing with right of way,Normal,"-79.56239, 43.747745"
1343634,2013,18,Major Arterial,Scarborough,,,No Control,Clear,Dry,Non-Fatal Injury,Pedestrian Collisions,0 to 4,None,,,,Walking on Roadway with Traffic,Normal,"-79.29329, 43.817045"
5001873445,2015,18,Major Arterial,North York,8,Intersection Related,Stop Sign,Clear,Dry,Non-Fatal Injury,Pedestrian Collisions,0 to 4,None,,,,,,"-79.432338, 43.730368"
8001000021,2018,18,Local,Toronto and East York,9,Intersection Related,Stop Sign,Clear,Dry,Non-Fatal Injury,Pedestrian Collisions,0 to 4,Major,,,,Playing or Working on Highway,Normal,"-79.422885, 43.649718"
1255565,2011,19,Major Arterial,Etobicoke York,,At Intersection,Traffic Signal,Rain,Wet,Fatal,Pedestrian Collisions,0 to 4,None,,,,,,"-79.57079, 43.691545"
1243108,2011,19,Local,Scarborough,20,,No Control,Clear,Dry,Non-Fatal Injury,Pedestrian Collisions,0 to 4,Major,,,,On Sidewalk or Shoulder,Normal,"-79.27429, 43.710945"
1361161,2013,19,Major Arterial,Etobicoke York,5,At Intersection,Traffic Signal,Clear,Dry,Non-Fatal Injury,Pedestrian Collisions,0 to 4,Minor,,,,,,"-79.47279, 43.684945"
9000085978,2019,19,Minor Arterial,Scarborough,25,At Intersection,Traffic Signal,Clear,Dry,Non-Fatal Injury,Pedestrian Collisions,0 to 4,None,,,,,Normal,"-79.202267, 43.798991"
976691,2007,20,Major Arterial,Scarborough,22,At Intersection,Traffic Signal,Clear,Dry,Non-Fatal Injury,Pedestrian Collisions,0 to 4,None,,,,,,"-79.30789, 43.778745"
976691,2007,20,Major Arterial,Scarborough,22,At Intersection,Traffic Signal,Clear,Dry,Non-Fatal Injury,Pedestrian Collisions,0 to 4,None,,,,,,"-79.30789, 43.778745"
979400,2007,20,Minor Arterial,Scarborough,20,,No Control,Clear,Dry,Fatal,Pedestrian Collisions,0 to 4,Major,,,,On Sidewalk or Shoulder,Normal,"-79.23669, 43.735245"
1192726,2010,20,Minor Arterial,Scarborough,20,,No Control,Clear,Dry,Non-Fatal Injury,Pedestrian Collisions,0 to 4,None,,,,,,"-79.26849, 43.706445"
4001701923,2014,20,Major Arterial,Scarborough,21,Intersection Related,Traffic Signal,Clear,Dry,Non-Fatal Injury,Pedestrian Collisions,0 to 4,None,,,,,,"-79.245532, 43.739905"
8000986648,2018,20,Major Arterial,Scarborough,,Intersection Related,No Control,Clear,Wet,Non-Fatal Injury,Pedestrian Collisions,0 to 4,None,,,,,,"-79.186191, 43.768336"
932044,2006,7,Major Arterial,Scarborough,21,At Intersection,Stop Sign,Clear,Dry,Non-Fatal Injury,Cyclist Collisions,10 to 14,Major,,,,,,"-79.24459, 43.747145"
1316502,2012,7,Minor Arterial,Toronto and East York,4,,No Control,Clear,Wet,Non-Fatal Injury,Cyclist Collisions,10 to 14,Major,,,,,,"-79.44869, 43.645445"
7000867225,2017,7,Major Arterial,North York,15,Intersection Related,Traffic Signal,Clear,Dry,Non-Fatal Injury,Cyclist Collisions,10 to 14,Major,,,,,,"-79.352802, 43.701914"
9001689966,2019,8,Major Arterial,North York,,Non Intersection,No Control,Clear,Dry,Non-Fatal Injury,Cyclist Collisions,10 to 14,Major,,,,,,"-79.307125, 43.735442"
6001699155,2016,9,Major Arterial,Scarborough,,At Intersection,Traffic Signal,Clear,Dry,Non-Fatal Injury,Cyclist Collisions,10 to 14,Major,,,,,,"-79.278529, 43.785277"
1251014,2011,13,Local,Etobicoke York,5,,No Control,Clear,Dry,Non-Fatal Injury,Cyclist Collisions,10 to 14,Major,,,,,,"-79.46859, 43.689845"
5002136221,2015,15,Major Arterial,Toronto and East York,4,At Intersection,Traffic Signal,Rain,Wet,Non-Fatal Injury,Cyclist Collisions,10 to 14,None,,,,,,"-79.458499, 43.651126"
5002136221,2015,15,Major Arterial,Toronto and East York,4,At Intersection,Traffic Signal,Rain,Wet,Non-Fatal Injury,Cyclist Collisions,10 to 14,None,,,,,,"-79.458499, 43.651126"
9001180401,2019,16,Major Arterial,Etobicoke York,5,At Intersection,Traffic Signal,Clear,Dry,Non-Fatal Injury,Cyclist Collisions,10 to 14,Major,,,,,,"-79.474048, 43.678889"
1256606,2011,18,Local,Etobicoke York,5,,No Control,Rain,Wet,Non-Fatal Injury,Cyclist Collisions,10 to 14,Major,,,,,,"-79.47149, 43.683345"
4003213460,2014,18,Major Arterial,Etobicoke York,1,At Intersection,Traffic Signal,Rain,Wet,Non-Fatal Injury,Cyclist Collisions,10 to 14,None,,,,,,"-79.595607, 43.717257"
4003213460,2014,18,Major Arterial,Etobicoke York,1,At Intersection,Traffic Signal,Rain,Wet,Non-Fatal Injury,Cyclist Collisions,10 to 14,None,,,,,,"-79.595607, 43.717257"
1266995,2011,19,Collector,Etobicoke York,7,At Intersection,Stop Sign,Clear,Dry,Non-Fatal Injury,Cyclist Collisions,10 to 14,Major,,,,,,"-79.56039, 43.751045"
6001139376,2016,19,Collector,Etobicoke York,5,At Intersection,No Control,Clear,Dry,Non-Fatal Injury,Cyclist Collisions,10 to 14,Major,,,,,,"-79.482257, 43.679877"
884756,2006,7,Collector,Scarborough,25,At Intersection,Stop Sign,Clear,Wet,Fatal,Pedestrian Collisions,10 to 14,None,,,,,,"-79.17069, 43.803445"
1306461,2012,7,Major Arterial,Etobicoke York,7,,No Control,Clear,Dry,Non-Fatal Injury,Pedestrian Collisions,10 to 14,Major,,,,Crossing without right of way,Inattentive,"-79.56439, 43.747345"
3000777885,2013,7,Major Arterial,Etobicoke York,2,At Intersection,Traffic Signal,Clear,Dry,Non-Fatal Injury,Pedestrian Collisions,10 to 14,Major,,,,Crossing without right of way,Inattentive,"-79.52325, 43.698107"
5000777885,2013,7,Major Arterial,Etobicoke York,2,At Intersection,Traffic Signal,Clear,Dry,Non-Fatal Injury,Pedestrian Collisions,10 to 14,Major,,,,,Inattentive,"-79.523266, 43.698177"
923341,2006,8,Major Arterial,Scarborough,22,,Traffic Signal,Clear,Dry,Non-Fatal Injury,Pedestrian Collisions,10 to 14,Major,,,,Crossing without right of way,Normal,"-79.30519, 43.797145"
926656,2006,8,Major Arterial,Scarborough,,,No Control,Clear,Dry,Non-Fatal Injury,Pedestrian Collisions,10 to 14,Major,,,,Running onto Roadway,Inattentive,"-79.24349, 43.755945"
956968,2007,8,Major Arterial,North York,17,At Intersection,Traffic Signal,Clear,Dry,Non-Fatal Injury,Pedestrian Collisions,10 to 14,Major,,,,Crossing with right of way,Normal,"-79.35419, 43.790245"
974078,2007,8,Major Arterial,Toronto and East York,19,At Intersection,Traffic Signal,Clear,Dry,Non-Fatal Injury,Pedestrian Collisions,10 to 14,Major,,,,Crossing with right of way,Normal,"-79.30259, 43.707645"
1003525,2007,8,Collector,North York,18,,No Control,Clear,Dry,Non-Fatal Injury,Pedestrian Collisions,10 to 14,Major,,,,"Crossing, no Traffic Control",Normal,"-79.44169, 43.785045"
1064337,2008,8,Minor Arterial,Etobicoke York,1,At Intersection,Traffic Signal,Clear,Dry,Non-Fatal Injury,Pedestrian Collisions,10 to 14,Major,,,,Crossing with right of way,Normal,"-79.59859, 43.750845"
1215589,2011,8,Major Arterial,Etobicoke York,1,At Intersection,Traffic Signal,Snow,Loose Snow,Non-Fatal Injury,Pedestrian Collisions,10 to 14,Major,,,,Crossing with right of way,Normal,"-79.58939, 43.732045"
1216997,2011,8,Minor Arterial,Toronto and East York,9,At Intersection,No Control,Clear,Dry,Non-Fatal Injury,Pedestrian Collisions,10 to 14,Major,,,,Running onto Roadway,Inattentive,"-79.43039, 43.646845"
1373498,2013,8,Collector,Etobicoke York,7,At Intersection,Stop Sign,Clear,Dry,Fatal,Pedestrian Collisions,10 to 14,Fatal,37,,,Crossing with right of way,Normal,"-79.499591, 43.753844"
5001723026,2015,8,Minor Arterial,Toronto and East York,,Intersection Related,Pedestrian Crossover,Clear,Dry,Non-Fatal Injury,Pedestrian Collisions,10 to 14,Major,,,,"Crossing, Pedestrian Crossover",Normal,"-79.322696, 43.681132"
6000581980,2016,8,Major Arterial,Scarborough,23,Intersection Related,Traffic Signal,Clear,Dry,Non-Fatal Injury,Pedestrian Collisions,10 to 14,Major,,,,Crossing without right of way,Normal,"-79.230312, 43.795584"
9000637791,2019,8,Major Arterial,Etobicoke York,5,At Intersection,Traffic Signal,Clear,Dry,Non-Fatal Injury,Pedestrian Collisions,10 to 14,Major,,,,,Normal,"-79.498829, 43.684474"
8002097783,2018,8,Major Arterial,Etobicoke York,,At Intersection,Traffic Signal,Clear,Dry,Non-Fatal Injury,Pedestrian Collisions,10 to 14,Major,,,,On Sidewalk or Shoulder,Normal,"-79.491611, 43.765643"
1089553,2009,9,Major Arterial,Scarborough,24,At Intersection,No Control,Snow,Loose Snow,Non-Fatal Injury,Pedestrian Collisions,10 to 14,Major,,,,Running onto Roadway,Inattentive,"-79.21169, 43.762645"
1344724,2013,9,Major Arterial,Toronto and East York,9,,Traffic Signal,Clear,Wet,Non-Fatal Injury,Pedestrian Collisions,10 to 14,Major,,,,Crossing without right of way,Normal,"-79.45999, 43.674145"
6001466377,2016,9,Major Arterial,North York,17,Intersection Related,Traffic Signal,Clear,Dry,Fatal,Pedestrian Collisions,10 to 14,,,,,,,"-79.352275, 43.793151"
924979,2006,10,Major Arterial,Toronto and East York,4,At Intersection,Stop Sign,Clear,Dry,Non-Fatal Injury,Pedestrian Collisions,10 to 14,None,,,,,,"-79.43729, 43.640445"
924979,2006,10,Major Arterial,Toronto and East York,4,At Intersection,Stop Sign,Clear,Dry,Non-Fatal Injury,Pedestrian Collisions,10 to 14,None,,,,,,"-79.43729, 43.640445"
974270,2007,10,Major Arterial,North York,18,At Intersection,Traffic Signal,Clear,Dry,Non-Fatal Injury,Pedestrian Collisions,10 to 14,Major,,,,Crossing without right of way,Unknown,"-79.43659, 43.794445"
1163175,2010,10,Major Arterial,North York,6,At Intersection,No Control,Clear,Dry,Non-Fatal Injury,Pedestrian Collisions,10 to 14,Major,,,,Coming From Behind Parked Vehicle,Unknown,"-79.43689, 43.749145"
4001968230,2014,10,Major Arterial,Etobicoke York,7,At Intersection,Traffic Signal,Clear,Dry,Non-Fatal Injury,Pedestrian Collisions,10 to 14,Major,,,,Crossing without right of way,Inattentive,"-79.513431, 43.758048"
1040898,2008,11,Collector,Scarborough,21,,No Control,Rain,Wet,Non-Fatal Injury,Pedestrian Collisions,10 to 14,Major,,,,On Sidewalk or Shoulder,Normal,"-79.23449, 43.741545"
1067454,2008,11,Major Arterial,Etobicoke York,3,At Intersection,Traffic Signal,Clear,Dry,Non-Fatal Injury,Pedestrian Collisions,10 to 14,Minimal,,,,Crossing without right of way,Normal,"-79.54709, 43.606045"
1069560,2008,11,Major Arterial,Etobicoke York,5,At Intersection,No Control,Clear,Dry,Non-Fatal Injury,Pedestrian Collisions,10 to 14,Major,,,,"Crossing, no Traffic Control",Inattentive,"-79.47389, 43.690445"
1351710,2013,11,Major Arterial,Etobicoke York,3,At Intersection,Traffic Signal,Clear,Dry,Non-Fatal Injury,Pedestrian Collisions,10 to 14,None,,,,,,"-79.49039, 43.629045"
7001414660,2017,11,Major Arterial,Toronto and East York,4,Intersection Related,Traffic Signal,Clear,Dry,Non-Fatal Injury,Pedestrian Collisions,10 to 14,None,,,,,,"-79.463763, 43.663581"
9001963574,2019,11,Collector,Scarborough,20,At/Near Private Drive,No Control,Clear,Dry,Non-Fatal Injury,Pedestrian Collisions,10 to 14,Major,,,,,Inattentive,"-79.282131, 43.683654"
927513,2006,12,Collector,Etobicoke York,1,,No Control,Clear,Dry,Non-Fatal Injury,Pedestrian Collisions,10 to 14,Major,,,,,,"-79.61649, 43.731845"
919331,2006,12,Minor Arterial,North York,18,,No Control,Clear,Dry,Non-Fatal Injury,Pedestrian Collisions,10 to 14,Major,,,,Running onto Roadway,Normal,"-79.42519, 43.765245"
1041835,2008,12,Major Arterial,Etobicoke York,1,At Intersection,Traffic Signal,Clear,Dry,Non-Fatal Injury,Pedestrian Collisions,10 to 14,Major,,,,Crossing without right of way,Inattentive,"-79.57149, 43.721645"
1137816,2009,12,Major Arterial,Etobicoke York,5,At Intersection,Traffic Signal,Rain,Wet,Non-Fatal Injury,Pedestrian Collisions,10 to 14,Major,,,,Crossing without right of way,Normal,"-79.48769, 43.706345"
1268545,2011,12,Major Arterial,North York,15,At Intersection,Traffic Signal,Clear,Dry,Non-Fatal Injury,Pedestrian Collisions,10 to 14,None,,,,,,"-79.38619, 43.709145"
1047910,2008,13,Major Arterial,Toronto and East York,,At Intersection,Traffic Signal,Clear,Dry,Fatal,Pedestrian Collisions,10 to 14,None,,,,,,"-79.32359, 43.683345"
1096493,2009,13,Minor Arterial,Toronto and East York,,,No Control,Rain,Wet,Non-Fatal Injury,Pedestrian Collisions,10 to 14,Major,,,,Coming From Behind Parked Vehicle,Inattentive,"-79.44329, 43.686145"
1178905,2010,13,Major Arterial,Etobicoke York,5,,Traffic Signal,Rain,Wet,Non-Fatal Injury,Pedestrian Collisions,10 to 14,Major,,,,Running onto Roadway,Normal,"-79.50089, 43.691245"
920182,2006,14,Major Arterial,Toronto and East York,4,,No Control,Clear,Dry,Non-Fatal Injury,Pedestrian Collisions,10 to 14,Major,,,,Running onto Roadway,Normal,"-79.47549, 43.651245"
1187759,2010,14,Major Arterial,Toronto and East York,9,,No Control,Clear,Dry,Non-Fatal Injury,Pedestrian Collisions,10 to 14,Major,,,,Running onto Roadway,,"-79.43229, 43.660545"
8000655701,2018,14,Major Arterial,North York,6,At Intersection,Traffic Signal,Clear,Wet,Non-Fatal Injury,Pedestrian Collisions,10 to 14,Minor,,,,Crossing with right of way,Normal,"-79.454364, 43.771525"
8002080527,2018,14,Collector,Scarborough,24,Non Intersection,No Control,Clear,Dry,Non-Fatal Injury,Pedestrian Collisions,10 to 14,Major,,,,"Crossing, no Traffic Control",Normal,"-79.190776, 43.765349"
935003,2006,15,Major Arterial,Etobicoke York,5,At Intersection,Traffic Signal,Clear,Dry,Non-Fatal Injury,Pedestrian Collisions,10 to 14,Major,,,,Crossing with right of way,Unknown,"-79.47159, 43.682145"
975488,2007,15,Local,Etobicoke York,7,,No Control,Clear,Dry,Non-Fatal Injury,Pedestrian Collisions,10 to 14,Major,,,,On Sidewalk or Shoulder,Unknown,"-79.51259, 43.752245"
1241015,2011,15,Major Arterial,North York,16,At Intersection,Traffic Signal,Clear,Dry,Non-Fatal Injury,Pedestrian Collisions,10 to 14,Major,,,,"Crossing, no Traffic Control",Inattentive,"-79.33629, 43.714345"
1372876,2013,15,Local,North York,17,At Intersection,Stop Sign,Clear,Dry,Non-Fatal Injury,Pedestrian Collisions,10 to 14,Major,,,,Crossing with right of way,Normal,"-79.37519, 43.798345"
1345175,2013,15,Collector,Scarborough,20,,Stop Sign,Clear,Wet,Fatal,Pedestrian Collisions,10 to 14,Minor,,,,Crossing with right of way,Normal,"-79.25159, 43.703646"
3001061187,2013,15,Minor Arterial,North York,18,At Intersection,No Control,Clear,Dry,Non-Fatal Injury,Pedestrian Collisions,10 to 14,Major,,,,"Crossing, no Traffic Control",Unknown,"-79.407451, 43.782489"
4001851906,2014,15,Major Arterial,Scarborough,20,At Intersection,No Control,Clear,Dry,Non-Fatal Injury,Pedestrian Collisions,10 to 14,Major,,,,"Crossing, no Traffic Control",Normal,"-79.257076, 43.720854"
5001836357,2015,15,Major Arterial,Scarborough,21,Intersection Related,No Control,Clear,Dry,Non-Fatal Injury,Pedestrian Collisions,10 to 14,Major,,,,"Crossing, no Traffic Control",Normal,"-79.307399, 43.742633"
5001866211,2015,15,Major Arterial,Scarborough,24,At Intersection,Traffic Signal,Clear,Dry,Non-Fatal Injury,Pedestrian Collisions,10 to 14,Major,,,,Crossing without right of way,Inattentive,"-79.215839, 43.76184"
7001122471,2017,15,Collector,Toronto and East York,11,Non Intersection,No Control,Clear,Dry,Non-Fatal Injury,Pedestrian Collisions,10 to 14,None,,,,,,"-79.389255, 43.671492"
8000370625,2018,15,Collector,Scarborough,22,At Intersection,No Control,Clear,Dry,Fatal,Pedestrian Collisions,10 to 14,Fatal,13,,,Crossing without right of way,Normal,"-79.306857, 43.818522"
9001020471,2019,15,Major Arterial,Scarborough,,Intersection Related,Traffic Signal,Clear,Dry,Non-Fatal Injury,Pedestrian Collisions,10 to 14,Major,,,,,Normal,"-79.280002, 43.788863"
9001020471,2019,15,Major Arterial,Scarborough,,Intersection Related,Traffic Signal,Clear,Dry,Non-Fatal Injury,Pedestrian Collisions,10 to 14,Major,,,,,Normal,"-79.280002, 43.788863"
9000492756,2019,15,Major Arterial,North York,17,At Intersection,Traffic Signal,Clear,Dry,Non-Fatal Injury,Pedestrian Collisions,10 to 14,Major,,,,,Inattentive,"-79.36803, 43.790008"
9001991012,2019,15,Major Arterial,Scarborough,20,At Intersection,Traffic Signal,Clear,Dry,Non-Fatal Injury,Pedestrian Collisions,10 to 14,Major,,,,,Normal,"-79.232402, 43.725066"
899004,2006,16,Local,North York,8,At Intersection,No Control,Clear,Dry,Non-Fatal Injury,Pedestrian Collisions,10 to 14,None,,,,,,"-79.42529, 43.719345"
899004,2006,16,Local,North York,8,At Intersection,No Control,Clear,Dry,Non-Fatal Injury,Pedestrian Collisions,10 to 14,None,,,,,,"-79.42529, 43.719345"
960441,2007,16,Major Arterial,North York,15,At Intersection,Pedestrian Crossover,Clear,Dry,Non-Fatal Injury,Pedestrian Collisions,10 to 14,Minimal,,,,,,"-79.39159, 43.746445"
991215,2007,16,Other,Scarborough,21,,No Control,Clear,Dry,Non-Fatal Injury,Pedestrian Collisions,10 to 14,Major,,,,Running onto Roadway,Normal,"-79.25299, 43.775345"
5001872803,2015,16,Major Arterial,Scarborough,23,Non Intersection,No Control,Clear,Dry,Non-Fatal Injury,Pedestrian Collisions,10 to 14,Major,,,,Crossing without right of way,Unknown,"-79.245204, 43.792521"
6000026380,2016,16,Major Arterial,Scarborough,,Non Intersection,No Control,Clear,Dry,Non-Fatal Injury,Pedestrian Collisions,10 to 14,Major,,,,Running onto Roadway,Normal,"-79.294696, 43.726218"
9001020911,2019,16,Major Arterial,North York,17,Non Intersection,Stop Sign,Clear,Dry,Non-Fatal Injury,Pedestrian Collisions,10 to 14,None,,,,,,"-79.383365, 43.806083"
1015331,2008,17,Local,Scarborough,22,At Intersection,Stop Sign,Clear,Wet,Non-Fatal Injury,Pedestrian Collisions,10 to 14,Major,,,,Crossing with right of way,Normal,"-79.29049, 43.794945"
1122431,2009,17,Major Arterial,North York,8,At Intersection,No Control,Clear,Dry,Non-Fatal Injury,Pedestrian Collisions,10 to 14,Major,,,,"Crossing, no Traffic Control",Normal,"-79.43249, 43.731245"
1137184,2009,17,Major Arterial,North York,8,At Intersection,No Control,Clear,Dry,Non-Fatal Injury,Pedestrian Collisions,10 to 14,Major,,,,Running onto Roadway,Inattentive,"-79.43139, 43.726645"
1229005,2011,17,Major Arterial,Scarborough,21,,Traffic Signal,Clear,Dry,Non-Fatal Injury,Pedestrian Collisions,10 to 14,Major,,,,Running onto Roadway,Normal,"-79.25879, 43.736045"
1264639,2011,17,Major Arterial,North York,16,,No Control,Clear,Dry,Non-Fatal Injury,Pedestrian Collisions,10 to 14,Major,,,,Running onto Roadway,Inattentive,"-79.33459, 43.710445"
1318785,2012,17,Major Arterial,Etobicoke York,1,At Intersection,Traffic Signal,Clear,Dry,Non-Fatal Injury,Pedestrian Collisions,10 to 14,Minimal,,,,Crossing with right of way,Normal,"-79.61419, 43.755445"
1356335,2013,17,Local,Toronto and East York,19,At Intersection,Stop Sign,Clear,Dry,Non-Fatal Injury,Pedestrian Collisions,10 to 14,Major,,,,Playing or Working on Highway,Inattentive,"-79.30459, 43.679245"
1332159,2012,17,Minor Arterial,Toronto and East York,19,At Intersection,No Control,Clear,Dry,Non-Fatal Injury,Pedestrian Collisions,10 to 14,Major,,,,"Crossing, no Traffic Control",Normal,"-79.30339, 43.691645"
4003276888,2014,17,Major Arterial,Etobicoke York,,At Intersection,Traffic Signal,Clear,Dry,Non-Fatal Injury,Pedestrian Collisions,10 to 14,Major,,,,Running onto Roadway,Normal,"-79.546687, 43.696978"
4003516677,2014,17,Minor Arterial,Scarborough,,At Intersection,Traffic Signal,Clear,Dry,Fatal,Pedestrian Collisions,10 to 14,Fatal,48,,,Other,Other,"-79.227596, 43.816252"
8002286980,2018,17,Major Arterial,Toronto and East York,11,At Intersection,Traffic Signal,Clear,Dry,Non-Fatal Injury,Pedestrian Collisions,10 to 14,Major,,,,Crossing without right of way,Inattentive,"-79.40974, 43.661509"
882497,2006,18,Major Arterial,Etobicoke York,1,At Intersection,Pedestrian Crossover,Clear,Dry,Fatal,Pedestrian Collisions,10 to 14,None,,,,,,"-79.55809, 43.721445"
882497,2006,18,Major Arterial,Etobicoke York,1,At Intersection,Pedestrian Crossover,Clear,Dry,Fatal,Pedestrian Collisions,10 to 14,Fatal,,,,"Crossing, Pedestrian Crossover",Normal,"-79.55809, 43.721445"
1015320,2008,18,Collector,North York,16,,Traffic Signal,Rain,Wet,Non-Fatal Injury,Pedestrian Collisions,10 to 14,Major,,,,Crossing with right of way,Normal,"-79.33139, 43.718345"
1032314,2008,18,Major Arterial,Scarborough,,,No Control,Clear,Dry,Non-Fatal Injury,Pedestrian Collisions,10 to 14,Major,,,,Running onto Roadway,Normal,"-79.21819, 43.741445"
1202322,2010,18,Major Arterial,North York,6,At Intersection,Traffic Signal,Clear,Dry,Non-Fatal Injury,Pedestrian Collisions,10 to 14,None,,,,,,"-79.44819, 43.772845"
1336008,2012,18,Minor Arterial,Etobicoke York,3,At Intersection,Traffic Signal,Clear,Dry,Non-Fatal Injury,Pedestrian Collisions,10 to 14,Major,,,,"Crossing, no Traffic Control",Inattentive,"-79.496692, 43.612246"
1380288,2013,18,Major Arterial,Etobicoke York,5,,Traffic Signal,Clear,Dry,Non-Fatal Injury,Pedestrian Collisions,10 to 14,Major,,,,Other,Normal,"-79.48952, 43.686984"
6000883005,2016,18,Major Arterial,Scarborough,20,At Intersection,Traffic Signal,Clear,Dry,Non-Fatal Injury,Pedestrian Collisions,10 to 14,Major,,,,Crossing without right of way,Normal,"-79.283344, 43.692256"
9001959130,2019,18,Major Arterial,Scarborough,21,At Intersection,Traffic Signal,Clear,Dry,Non-Fatal Injury,Pedestrian Collisions,10 to 14,Major,,,,,Normal,"-79.291241, 43.746093"
1373039,2013,19,Collector,Scarborough,20,,No Control,Clear,Dry,Non-Fatal Injury,Pedestrian Collisions,10 to 14,None,,Other,Normal,,,"-79.252559, 43.711016"
4002642659,2014,19,Minor Arterial,Scarborough,25,Intersection Related,Traffic Signal,Clear,Dry,Non-Fatal Injury,Pedestrian Collisions,10 to 14,None,,,,,,"-79.215602, 43.80778"
6001650762,2016,19,Major Arterial,Etobicoke York,3,At Intersection,Pedestrian Crossover,Clear,Dry,Non-Fatal Injury,Pedestrian Collisions,10 to 14,Major,,,,Running onto Roadway,Inattentive,"-79.544116, 43.599227"
6001982704,2016,19,Major Arterial,Etobicoke York,3,Non Intersection,No Control,Clear,Dry,Non-Fatal Injury,Pedestrian Collisions,10 to 14,None,,,,,,"-79.524829, 43.647818"
957584,2006,20,Major Arterial,North York,18,,Traffic Signal,Snow,Wet,Non-Fatal Injury,Pedestrian Collisions,10 to 14,Major,,,,Crossing with right of way,Normal,"-79.43029, 43.776445"
1102178,2009,20,Minor Arterial,Toronto and East York,14,At Intersection,Traffic Signal,Clear,Dry,Non-Fatal Injury,Pedestrian Collisions,10 to 14,Major,,,,Crossing without right of way,Inattentive,"-79.34029, 43.687645"
1192726,2010,20,Minor Arterial,Scarborough,20,,No Control,Clear,Dry,Non-Fatal Injury,Pedestrian Collisions,10 to 14,None,,,,,,"-79.26849, 43.706445"
1242750,2011,20,Local,Toronto and East York,14,,No Control,Clear,Dry,Non-Fatal Injury,Pedestrian Collisions,10 to 14,Major,,,,Coming From Behind Parked Vehicle,Normal,"-79.34049, 43.684745"
6001937894,2016,20,Major Arterial,North York,16,Non Intersection,No Control,Clear,Dry,Non-Fatal Injury,Pedestrian Collisions,10 to 14,Major,,,,On Sidewalk or Shoulder,Normal,"-79.344211, 43.73693"
6001937894,2016,20,Major Arterial,North York,16,Non Intersection,No Control,Clear,Dry,Non-Fatal Injury,Pedestrian Collisions,10 to 14,Major,,,,On Sidewalk or Shoulder,Normal,"-79.344211, 43.73693"
6001937894,2016,20,Major Arterial,North York,16,Non Intersection,No Control,Clear,Dry,Non-Fatal Injury,Pedestrian Collisions,10 to 14,Minor,,,,On Sidewalk or Shoulder,Normal,"-79.344211, 43.73693"
1371962,2013,7,Major Arterial,Toronto and East York,9,,No Control,Clear,Dry,Non-Fatal Injury,Cyclist Collisions,15 to 19,Major,,,,,,"-79.441814, 43.668147"
1380106,2013,8,Local,Etobicoke York,3,At Intersection,Stop Sign,Clear,Dry,Non-Fatal Injury,Cyclist Collisions,15 to 19,Major,,,,,,"-79.5079, 43.642501"
5002035175,2015,8,Minor Arterial,Toronto and East York,4,Non Intersection,No Control,Clear,Dry,Non-Fatal Injury,Cyclist Collisions,15 to 19,Major,,,,,,"-79.450061, 43.648932"
4000008445,2014,10,Minor Arterial,Scarborough,25,At/Near Private Drive,No Control,Clear,Dry,Non-Fatal Injury,Cyclist Collisions,15 to 19,Major,,,,,,"-79.139507, 43.778929"
8001722145,2018,10,Major Arterial,Etobicoke York,,At Intersection,Traffic Signal,Clear,Dry,Non-Fatal Injury,Cyclist Collisions,15 to 19,Major,,,,,,"-79.494472, 43.78157"
1360626,2013,11,Major Arterial,Toronto and East York,14,At Intersection,Traffic Signal,Clear,Dry,Non-Fatal Injury,Cyclist Collisions,15 to 19,None,,,,,,"-79.34819, 43.693645"
5000486236,2015,11,Collector,Toronto and East York,13,At Intersection,Stop Sign,Clear,Dry,Non-Fatal Injury,Cyclist Collisions,15 to 19,Major,,,,,,"-79.375522, 43.665728"
1185756,2010,12,Major Arterial,Toronto and East York,10,At Intersection,Traffic Signal,Clear,Dry,Non-Fatal Injury,Cyclist Collisions,15 to 19,Major,,,,,,"-79.384792, 43.647643"
6001220813,2016,12,Major Arterial,Toronto and East York,14,Non Intersection,Traffic Signal,Clear,Dry,Non-Fatal Injury,Cyclist Collisions,15 to 19,Major,,,,,,"-79.348804, 43.689421"
1047021,2008,13,Major Arterial,Toronto and East York,9,,No Control,Clear,Dry,Non-Fatal Injury,Cyclist Collisions,15 to 19,Major,,,,,,"-79.43349, 43.655045"
1178114,2010,13,Major Arterial,Toronto and East York,11,,No Control,Clear,Dry,Non-Fatal Injury,Cyclist Collisions,15 to 19,Major,,,,,,"-79.395664, 43.672473"
1186269,2010,13,Major Arterial,Etobicoke York,,At Intersection,Stop Sign,Clear,Dry,Non-Fatal Injury,Cyclist Collisions,15 to 19,Major,,,,,,"-79.54519, 43.697445"
1106309,2009,15,Collector,Scarborough,20,At Intersection,Stop Sign,Clear,Dry,Non-Fatal Injury,Cyclist Collisions,15 to 19,None,,Exceeding Speed Limit,Normal,,,"-79.25189, 43.707945"
5001684106,2015,15,Minor Arterial,Scarborough,24,At Intersection,Traffic Signal,Rain,Wet,Non-Fatal Injury,Cyclist Collisions,15 to 19,Major,,,,,,"-79.231899, 43.7839"
5001383996,2015,15,Major Arterial,Etobicoke York,7,At Intersection,Stop Sign,Clear,Dry,Non-Fatal Injury,Cyclist Collisions,15 to 19,Major,,,,,,"-79.531894, 43.715689"
7000963426,2017,15,Minor Arterial,Scarborough,25,Intersection Related,Traffic Signal,Clear,Dry,Non-Fatal Injury,Cyclist Collisions,15 to 19,Major,,,,,,"-79.183223, 43.787841"
8000136344,2018,15,Local,North York,15,At Intersection,Stop Sign,Rain,Wet,Non-Fatal Injury,Cyclist Collisions,15 to 19,Major,,,,,,"-79.365566, 43.701487"
8000214982,2018,15,Local,Etobicoke York,5,Non Intersection,No Control,Clear,Dry,Non-Fatal Injury,Cyclist Collisions,15 to 19,Major,,,,,,"-79.477367, 43.688712"
1319338,2012,16,Minor Arterial,Toronto and East York,4,At Intersection,Traffic Signal,Clear,Dry,Non-Fatal Injury,Cyclist Collisions,15 to 19,Major,,,,,,"-79.44809, 43.652145"
4003374622,2014,16,Local,Scarborough,24,At/Near Private Drive,No Control,Clear,Dry,Non-Fatal Injury,Cyclist Collisions,15 to 19,Major,,,,,,"-79.224178, 43.78147"
9002403770,2019,16,Major Arterial,Etobicoke York,3,At Intersection,Traffic Signal,Clear,Dry,Non-Fatal Injury,Cyclist Collisions,15 to 19,Major,,,,,,"-79.518947, 43.645663"
4002616805,2014,17,Major Arterial,Scarborough,,Intersection Related,Traffic Signal,Clear,Dry,Fatal,Cyclist Collisions,15 to 19,None,,Speed too Fast For Condition,Normal,,,"-79.21767, 43.798106"
4002616805,2014,17,Major Arterial,Scarborough,,Intersection Related,Traffic Signal,Clear,Dry,Fatal,Cyclist Collisions,15 to 19,Fatal,18,,,,,"-79.21767, 43.798106"
4002352031,2014,17,Major Arterial,Toronto and East York,10,Intersection Related,Traffic Signal,Clear,Dry,Non-Fatal Injury,Cyclist Collisions,15 to 19,Major,,,,,,"-79.384799, 43.64765"
9001442933,2019,17,Collector,Toronto and East York,,Non Intersection,No Control,Clear,Dry,Non-Fatal Injury,Cyclist Collisions,15 to 19,Major,,,,,,"-79.424045, 43.647628"
1314053,2012,18,Major Arterial,Scarborough,22,,No Control,Clear,Dry,Non-Fatal Injury,Cyclist Collisions,15 to 19,Major,,,,,,"-79.30099, 43.780345"
7003056643,2017,18,Major Arterial,Toronto and East York,19,At Intersection,No Control,Clear,Dry,Non-Fatal Injury,Cyclist Collisions,15 to 19,None,,Improper Turn,Inattentive,,,"-79.289165, 43.680293"
9001007644,2019,18,Major Arterial,,4,At Intersection,Traffic Signal,Clear,Dry,Non-Fatal Injury,Cyclist Collisions,15 to 19,Major,,,,,,"-79.458736, 43.664412"
9001429449,2019,19,Minor Arterial,Toronto and East York,14,At Intersection,Traffic Signal,Clear,Dry,Non-Fatal Injury,Cyclist Collisions,15 to 19,None,,,,,,"-79.342747, 43.667636"
925963,2006,20,Local,North York,16,At Intersection,Stop Sign,Clear,Dry,Non-Fatal Injury,Cyclist Collisions,15 to 19,Major,,,,,,"-79.34459, 43.761645"
898350,2006,20,Major Arterial,Etobicoke York,,At Intersection,Traffic Signal,Clear,Dry,Fatal,Cyclist Collisions,15 to 19,Fatal,,,,,,"-79.49099, 43.763445"
5001921835,2015,20,Major Arterial,North York,16,At Intersection,Traffic Signal,Clear,Dry,Non-Fatal Injury,Cyclist Collisions,15 to 19,Major,,,,,,"-79.34344, 43.737162"
5001921835,2015,20,Major Arterial,North York,16,At Intersection,Traffic Signal,Clear,Dry,Non-Fatal Injury,Cyclist Collisions,15 to 19,None,,Driving Properly,Normal,,,"-79.34344, 43.737162"
7001696237,2017,20,Major Arterial,Toronto and East York,4,At Intersection,Traffic Signal,Clear,Dry,Non-Fatal Injury,Cyclist Collisions,15 to 19,Major,,,,,,"-79.429141, 43.631358"
1371397,2013,12,Collector,Scarborough,23,,No Control,Clear,Dry,Non-Fatal Injury,Other,15 to 19,Major,,,,,,"-79.22369, 43.795745"
1371397,2013,12,Collector,Scarborough,23,,No Control,Clear,Dry,Non-Fatal Injury,Other,15 to 19,None,,Lost control,Unknown,,,"-79.22369, 43.795745"
1184354,2010,18,Collector,Scarborough,23,,No Control,Clear,Dry,Non-Fatal Injury,Other,15 to 19,None,,Other,Inattentive,,,"-79.27509, 43.812945"
913296,2006,20,Local,Etobicoke York,2,,No Control,Clear,Dry,Non-Fatal Injury,Other,15 to 19,Major,,,,,,"-79.54469, 43.667245"
913296,2006,20,Local,Etobicoke York,2,,No Control,Clear,Dry,Non-Fatal Injury,Other,15 to 19,None,,Other,Normal,,,"-79.54469, 43.667245"
1369177,2013,20,Major Arterial,Toronto and East York,4,,No Control,Clear,Dry,Fatal,Other,15 to 19,Fatal,28,,,,,"-79.43909, 43.634444"
889954,2006,7,Major Arterial,Scarborough,22,At Intersection,Traffic Signal,Rain,Wet,Non-Fatal Injury,Pedestrian Collisions,15 to 19,Major,,,,Crossing with right of way,Normal,"-79.30709, 43.800645"
1074035,2008,7,Major Arterial,Etobicoke York,1,,No Control,Clear,Wet,Non-Fatal Injury,Pedestrian Collisions,15 to 19,Major,,,,"Crossing, no Traffic Control",Normal,"-79.61029, 43.749345"
1148773,2010,7,Major Arterial,Toronto and East York,,At Intersection,No Control,Clear,Dry,Fatal,Pedestrian Collisions,15 to 19,None,,,,,,"-79.44849, 43.691345"
1148773,2010,7,Major Arterial,Toronto and East York,,At Intersection,No Control,Clear,Dry,Fatal,Pedestrian Collisions,15 to 19,None,,,,,,"-79.44849, 43.691345"
1235315,2011,7,Major Arterial,Scarborough,21,,No Control,Clear,Dry,Non-Fatal Injury,Pedestrian Collisions,15 to 19,Major,,,,"Crossing, no Traffic Control",Medical or Physical Disability,"-79.27199, 43.770545"
4001715026,2014,7,Major Arterial,Scarborough,20,Non Intersection,No Control,Clear,Dry,Non-Fatal Injury,Pedestrian Collisions,15 to 19,None,,Driving Properly,Normal,,,"-79.266422, 43.728591"
7003148024,2017,7,Major Arterial,Etobicoke York,7,At Intersection,Traffic Signal,Clear,Dry,Non-Fatal Injury,Pedestrian Collisions,15 to 19,Major,,,,Crossing with right of way,Normal,"-79.542667, 43.753264"
9000775776,2019,7,Collector,Scarborough,23,Non Intersection,Stop Sign,Clear,Dry,Non-Fatal Injury,Pedestrian Collisions,15 to 19,Major,,,,,Inattentive,"-79.231487, 43.836642"
1045157,2008,8,Major Arterial,Toronto and East York,,At Intersection,No Control,Clear,Dry,Non-Fatal Injury,Pedestrian Collisions,15 to 19,None,,Failed to Yield Right of Way,Normal,,,"-79.29679, 43.710645"
1216987,2011,8,Major Arterial,Etobicoke York,,At Intersection,Traffic Signal,Clear,Dry,Fatal,Pedestrian Collisions,15 to 19,None,,,,,,"-79.56239, 43.627345"
1201223,2010,8,Major Arterial,North York,,At Intersection,Traffic Signal,Clear,Dry,Non-Fatal Injury,Pedestrian Collisions,15 to 19,Major,,,,Crossing without right of way,Inattentive,"-79.31299, 43.751445"
1201223,2010,8,Major Arterial,North York,,At Intersection,Traffic Signal,Clear,Dry,Non-Fatal Injury,Pedestrian Collisions,15 to 19,Minor,,,,Crossing without right of way,Inattentive,"-79.31299, 43.751445"
1292918,2012,8,Major Arterial,Scarborough,22,At Intersection,Traffic Signal,Clear,Dry,Fatal,Pedestrian Collisions,15 to 19,None,,,,,,"-79.31689, 43.821345"
1362428,2013,8,Major Arterial,Toronto and East York,,At Intersection,Traffic Signal,Clear,Dry,Non-Fatal Injury,Pedestrian Collisions,15 to 19,Major,,,,Crossing without right of way,Normal,"-79.28699, 43.687945"
1386112,2013,8,Minor Arterial,Toronto and East York,11,,No Control,Clear,Wet,Non-Fatal Injury,Pedestrian Collisions,15 to 19,Major,,,,Running onto Roadway,Inattentive,"-79.388194, 43.657805"
5000851624,2015,8,Major Arterial,North York,16,Intersection Related,Traffic Signal,Clear,Dry,Fatal,Pedestrian Collisions,15 to 19,Minor,,,,On Sidewalk or Shoulder,Normal,"-79.340846, 43.727645"
6000581980,2016,8,Major Arterial,Scarborough,23,Intersection Related,Traffic Signal,Clear,Dry,Non-Fatal Injury,Pedestrian Collisions,15 to 19,None,,,,,,"-79.230312, 43.795584"
6001864838,2016,8,Major Arterial,Scarborough,21,Intersection Related,Stop Sign,Rain,Wet,Non-Fatal Injury,Pedestrian Collisions,15 to 19,Major,,,,"Crossing, no Traffic Control",Normal,"-79.265865, 43.753928"
7001286988,2017,8,Major Arterial,North York,,At Intersection,Traffic Signal,Clear,Dry,Non-Fatal Injury,Pedestrian Collisions,15 to 19,Major,,,,Crossing without right of way,Inattentive,"-79.331371, 43.793036"
9000219394,2019,8,Major Arterial,Toronto and East York,4,At Intersection,Traffic Signal,Clear,Wet,Non-Fatal Injury,Pedestrian Collisions,15 to 19,None,,,,,,"-79.480449, 43.650199"
980579,2007,9,Major Arterial,Toronto and East York,12,At Intersection,Traffic Signal,Clear,Dry,Non-Fatal Injury,Pedestrian Collisions,15 to 19,Minor,,,,,,"-79.39619, 43.696145"
1266571,2011,9,Major Arterial,Scarborough,20,,No Control,Clear,Dry,Non-Fatal Injury,Pedestrian Collisions,15 to 19,Major,,,,"Crossing, no Traffic Control",Inattentive,"-79.28079, 43.681645"
1366519,2013,9,Minor Arterial,Toronto and East York,,,No Control,Clear,Dry,Non-Fatal Injury,Pedestrian Collisions,15 to 19,Major,,,,"Crossing, no Traffic Control",Normal,"-79.28509, 43.683345"
4002979452,2014,9,Major Arterial,Toronto and East York,,At Intersection,Traffic Signal,Clear,Dry,Non-Fatal Injury,Pedestrian Collisions,15 to 19,None,,Failed to Yield Right of Way,Unknown,,,"-79.370921, 43.648215"
6001770159,2016,9,Minor Arterial,Toronto and East York,11,Intersection Related,Pedestrian Crossover,Clear,Dry,Non-Fatal Injury,Pedestrian Collisions,15 to 19,Major,,,,"Crossing, Pedestrian Crossover",Normal,"-79.397128, 43.660964"
7000961019,2017,9,Major Arterial,North York,,At Intersection,No Control,Clear,Dry,Fatal,Pedestrian Collisions,15 to 19,Fatal,25,,,"Crossing, no Traffic Control",Normal,"-79.390872, 43.779303"
7000961019,2017,9,Major Arterial,North York,,At Intersection,No Control,Clear,Dry,Fatal,Pedestrian Collisions,15 to 19,Major,,,,Crossing without right of way,Normal,"-79.390872, 43.779303"
6002256949,2016,9,Major Arterial,North York,6,At Intersection,Traffic Signal,Clear,Wet,Non-Fatal Injury,Pedestrian Collisions,15 to 19,Major,,,,Crossing without right of way,Inattentive,"-79.481548, 43.724372"
1269009,2011,10,Collector,North York,18,,No Control,Clear,Dry,Non-Fatal Injury,Pedestrian Collisions,15 to 19,Major,,,,On Sidewalk or Shoulder,Normal,"-79.44409, 43.790845"
1298031,2012,10,Major Arterial,North York,17,At Intersection,Traffic Signal,Rain,Wet,Non-Fatal Injury,Pedestrian Collisions,15 to 19,Major,,,,Crossing with right of way,Normal,"-79.360767, 43.811175"
906225,2006,11,Major Arterial,North York,6,At Intersection,Traffic Signal,Clear,Dry,Non-Fatal Injury,Pedestrian Collisions,15 to 19,Major,,,,Crossing with right of way,Normal,"-79.44819, 43.772845"
1074072,2008,11,Major Arterial,North York,,,No Control,Rain,Wet,Non-Fatal Injury,Pedestrian Collisions,15 to 19,Major,,,,Running onto Roadway,Inattentive,"-79.31619, 43.759945"
1199695,2010,11,Major Arterial,Toronto and East York,4,At Intersection,Traffic Signal,Clear,Dry,Non-Fatal Injury,Pedestrian Collisions,15 to 19,Major,,,,Running onto Roadway,Normal,"-79.45249, 43.656345"
1370122,2013,11,Major Arterial,Scarborough,23,At Intersection,Traffic Signal,Clear,Dry,Fatal,Pedestrian Collisions,15 to 19,Minor,,,,,,"-79.267993, 43.832644"
5000359442,2015,11,Major Arterial,Scarborough,24,Non Intersection,No Control,Clear,Dry,Non-Fatal Injury,Pedestrian Collisions,15 to 19,None,,,,Running onto Roadway,Inattentive,"-79.23347, 43.780757"
927513,2006,12,Collector,Etobicoke York,1,,No Control,Clear,Dry,Non-Fatal Injury,Pedestrian Collisions,15 to 19,None,,Driving Properly,Normal,,,"-79.61649, 43.731845"
927513,2006,12,Collector,Etobicoke York,1,,No Control,Clear,Dry,Non-Fatal Injury,Pedestrian Collisions,15 to 19,Major,,,,Running onto Roadway,Inattentive,"-79.61649, 43.731845"
927513,2006,12,Collector,Etobicoke York,1,,No Control,Clear,Dry,Non-Fatal Injury,Pedestrian Collisions,15 to 19,Major,,,,Running onto Roadway,Inattentive,"-79.61649, 43.731845"
966139,2007,12,Major Arterial,Scarborough,20,,No Control,Clear,Dry,Non-Fatal Injury,Pedestrian Collisions,15 to 19,Major,,,,"Crossing, no Traffic Control",Inattentive,"-79.23669, 43.721445"
937408,2006,12,Major Arterial,Scarborough,22,At Intersection,Traffic Signal,Rain,Wet,Non-Fatal Injury,Pedestrian Collisions,15 to 19,Major,,,,On Sidewalk or Shoulder,Unknown,"-79.31389, 43.792145"
937408,2006,12,Major Arterial,Scarborough,22,At Intersection,Traffic Signal,Rain,Wet,Non-Fatal Injury,Pedestrian Collisions,15 to 19,Major,,,,On Sidewalk or Shoulder,Unknown,"-79.31389, 43.792145"
1010140,2007,12,Major Arterial,Toronto and East York,11,At Intersection,Traffic Signal,Clear,Dry,Non-Fatal Injury,Pedestrian Collisions,15 to 19,Major,,,,On Sidewalk or Shoulder,Normal,"-79.38789, 43.672845"
1036484,2008,12,Minor Arterial,Toronto and East York,14,At Intersection,No Control,Clear,Dry,Non-Fatal Injury,Pedestrian Collisions,15 to 19,Major,,,,"Crossing, no Traffic Control",Inattentive,"-79.34339, 43.669145"
1113047,2009,12,Local,Etobicoke York,5,At Intersection,Stop Sign,Clear,Dry,Non-Fatal Injury,Pedestrian Collisions,15 to 19,Major,,,,Crossing with right of way,Normal,"-79.48809, 43.670545"
1134547,2009,12,Major Arterial,Scarborough,24,At Intersection,Traffic Signal,Clear,Dry,Non-Fatal Injury,Pedestrian Collisions,15 to 19,Major,,,,Crossing marked crosswalk without ROW,Inattentive,"-79.18959, 43.767645"
1269531,2011,12,Major Arterial,Toronto and East York,12,At Intersection,No Control,Rain,Wet,Non-Fatal Injury,Pedestrian Collisions,15 to 19,Major,,,,Running onto Roadway,Normal,"-79.39649, 43.697345"
1274426,2012,12,Major Arterial,Toronto and East York,12,,No Control,Clear,Dry,Non-Fatal Injury,Pedestrian Collisions,15 to 19,Major,,,,Running onto Roadway,Inattentive,"-79.39639, 43.687645"
1374300,2013,12,Major Arterial,Etobicoke York,2,,No Control,Clear,Dry,Non-Fatal Injury,Pedestrian Collisions,15 to 19,None,,Lost control,Fatigue,,,"-79.57679, 43.631345"
5001207270,2015,12,Collector,Toronto and East York,19,Non Intersection,No Control,Clear,Dry,Non-Fatal Injury,Pedestrian Collisions,15 to 19,Major,,,,Coming From Behind Parked Vehicle,Inattentive,"-79.300769, 43.694762"
7003136062,2017,12,Major Arterial,North York,17,At Intersection,Traffic Signal,Clear,Dry,Non-Fatal Injury,Pedestrian Collisions,15 to 19,None,,,,,,"-79.364093, 43.771571"
7003136062,2017,12,Major Arterial,North York,17,At Intersection,Traffic Signal,Clear,Dry,Non-Fatal Injury,Pedestrian Collisions,15 to 19,None,,Speed too Fast For Condition,Inattentive,,,"-79.364093, 43.771571"
936265,2006,13,Local,North York,8,At Intersection,Stop Sign,Clear,Dry,Non-Fatal Injury,Pedestrian Collisions,15 to 19,Major,,Disobeyed Traffic Control,Normal,,,"-79.43379, 43.728345"
896072,2006,13,Collector,Toronto and East York,12,At Intersection,Stop Sign,Clear,Dry,Non-Fatal Injury,Pedestrian Collisions,15 to 19,Major,,,,Running onto Roadway,Normal,"-79.41319, 43.686545"
985457,2007,13,Collector,Etobicoke York,5,,No Control,Clear,Dry,Non-Fatal Injury,Pedestrian Collisions,15 to 19,None,,Exceeding Speed Limit,Other,,,"-79.51749, 43.701245"
1047910,2008,13,Major Arterial,Toronto and East York,,At Intersection,Traffic Signal,Clear,Dry,Fatal,Pedestrian Collisions,15 to 19,None,,,,,,"-79.32359, 43.683345"
1027349,2008,13,Major Arterial,Toronto and East York,11,At Intersection,No Control,Clear,Dry,Non-Fatal Injury,Pedestrian Collisions,15 to 19,Major,,,,"Crossing, no Traffic Control",Normal,"-79.39509, 43.671145"
1088275,2009,13,Major Arterial,Etobicoke York,2,At Intersection,Traffic Signal,Clear,Dry,Non-Fatal Injury,Pedestrian Collisions,15 to 19,Major,,,,Crossing with right of way,Normal,"-79.54049, 43.683145"
1072989,2008,13,Major Arterial,Scarborough,22,At Intersection,Traffic Signal,Clear,Dry,Non-Fatal Injury,Pedestrian Collisions,15 to 19,None,,Failed to Yield Right of Way,Unknown,,,"-79.29659, 43.801245"
1222908,2011,13,Major Arterial,Scarborough,21,At Intersection,Traffic Signal,Clear,Dry,Non-Fatal Injury,Pedestrian Collisions,15 to 19,None,,Driving Properly,Unknown,,,"-79.25159, 43.754245"
1282108,2011,13,Major Arterial,North York,8,,Traffic Signal,Clear,Dry,Non-Fatal Injury,Pedestrian Collisions,15 to 19,None,,Failed to Yield Right of Way,Normal,,,"-79.45759, 43.726945"
1244686,2011,13,Major Arterial,North York,,,No Control,Clear,Dry,Non-Fatal Injury,Pedestrian Collisions,15 to 19,Major,,,,On Sidewalk or Shoulder,Normal,"-79.40699, 43.745245"
1382675,2013,13,Major Arterial,Toronto and East York,4,,No Control,Clear,Dry,Non-Fatal Injury,Pedestrian Collisions,15 to 19,Major,,,,"Crossing, no Traffic Control",Inattentive,"-79.434192, 43.641043"
1366347,2013,13,Major Arterial,Toronto and East York,10,,Traffic Signal,Clear,Dry,Fatal,Pedestrian Collisions,15 to 19,Minor,,,,On Sidewalk or Shoulder,Unknown,"-79.377811, 43.642996"
4001540834,2014,13,Major Arterial,Toronto and East York,10,At Intersection,Traffic Signal,Clear,Dry,Non-Fatal Injury,Pedestrian Collisions,15 to 19,None,,Driving Properly,Normal,,,"-79.377429, 43.642073"
5001457314,2015,13,Major Arterial,North York,6,At Intersection,Traffic Signal,Clear,Dry,Fatal,Pedestrian Collisions,15 to 19,None,,Driving Properly,Normal,,,"-79.453021, 43.790801"
8001885947,2018,13,Minor Arterial,Toronto and East York,19,Intersection Related,No Control,Clear,Dry,Non-Fatal Injury,Pedestrian Collisions,15 to 19,None,,Exceeding Speed Limit,Normal,,,"-79.290714, 43.685912"
8001885947,2018,13,Minor Arterial,Toronto and East York,19,Intersection Related,No Control,Clear,Dry,Non-Fatal Injury,Pedestrian Collisions,15 to 19,None,,,,,,"-79.290714, 43.685912"
966627,2007,14,Major Arterial,Scarborough,23,At Intersection,Traffic Signal,Clear,Dry,Non-Fatal Injury,Pedestrian Collisions,15 to 19,Major,,,,Crossing without right of way,Normal,"-79.29169, 43.827245"
1098793,2009,14,Major Arterial,Toronto and East York,13,At Intersection,Traffic Signal,Rain,Wet,Fatal,Pedestrian Collisions,15 to 19,None,,Driving Properly,Unknown,,,"-79.37829, 43.666245"
1179238,2010,14,Minor Arterial,Toronto and East York,9,At Intersection,Traffic Signal,Clear,Dry,Non-Fatal Injury,Pedestrian Collisions,15 to 19,Minor,,,,Crossing with right of way,Normal,"-79.46049, 43.688945"
1175069,2010,14,Major Arterial,Toronto and East York,14,,No Control,Rain,Wet,Non-Fatal Injury,Pedestrian Collisions,15 to 19,None,,Driving Properly,Normal,,,"-79.34919, 43.690545"
1175069,2010,14,Major Arterial,Toronto and East York,14,,No Control,Rain,Wet,Non-Fatal Injury,Pedestrian Collisions,15 to 19,Major,,,,Crossing without right of way,Inattentive,"-79.34919, 43.690545"
1232073,2011,14,Minor Arterial,Toronto and East York,9,,No Control,Clear,Dry,Non-Fatal Injury,Pedestrian Collisions,15 to 19,Major,,,,Coming From Behind Parked Vehicle,Inattentive,"-79.44159, 43.672845"
1318227,2012,14,Major Arterial,Scarborough,20,At Intersection,Traffic Signal,"Fog, Mist, Smoke, Dust",Wet,Non-Fatal Injury,Pedestrian Collisions,15 to 19,Major,,,,Crossing without right of way,Inattentive,"-79.24329, 43.715645"
4003527031,2014,14,Major Arterial,Toronto and East York,11,Intersection Related,No Control,Clear,Dry,Non-Fatal Injury,Pedestrian Collisions,15 to 19,None,,,,,,"-79.423229, 43.662436"
5000653521,2015,14,Minor Arterial,Toronto and East York,14,Non Intersection,No Control,Clear,Dry,Fatal,Pedestrian Collisions,15 to 19,None,,Lost control,Inattentive,,,"-79.34238, 43.664443"
5000653521,2015,14,Minor Arterial,Toronto and East York,14,Non Intersection,No Control,Clear,Dry,Fatal,Pedestrian Collisions,15 to 19,None,,,,,,"-79.34238, 43.664443"
6001104795,2016,14,Minor Arterial,Etobicoke York,2,At/Near Private Drive,Pedestrian Crossover,Clear,Dry,Non-Fatal Injury,Pedestrian Collisions,15 to 19,Major,,,,"Crossing, Pedestrian Crossover",Normal,"-79.585178, 43.663943"
935003,2006,15,Major Arterial,Etobicoke York,5,At Intersection,Traffic Signal,Clear,Dry,Non-Fatal Injury,Pedestrian Collisions,15 to 19,None,,Disobeyed Traffic Control,Unknown,,,"-79.47159, 43.682145"
1044675,2008,15,Collector,North York,18,,No Control,Clear,Dry,Non-Fatal Injury,Pedestrian Collisions,15 to 19,Major,,,,Running onto Roadway,Inattentive,"-79.42739, 43.793245"
1031031,2008,15,Major Arterial,Toronto and East York,4,At Intersection,Traffic Signal,Clear,Dry,Non-Fatal Injury,Pedestrian Collisions,15 to 19,Major,,,,Crossing without right of way,Inattentive,"-79.49119, 43.665745"
1117715,2009,15,Major Arterial,Scarborough,22,,No Control,Clear,Dry,Non-Fatal Injury,Pedestrian Collisions,15 to 19,None,,,,,,"-79.28869, 43.784145"
1148504,2009,15,Major Arterial,Etobicoke York,3,At Intersection,Traffic Signal,Clear,Dry,Non-Fatal Injury,Pedestrian Collisions,15 to 19,None,,Disobeyed Traffic Control,Inattentive,,,"-79.53199, 43.645245"
1212205,2010,15,Major Arterial,Scarborough,22,At Intersection,Traffic Signal,Clear,Dry,Non-Fatal Injury,Pedestrian Collisions,15 to 19,Major,,,,Crossing with right of way,Normal,"-79.31449, 43.816245"
1325976,2012,15,Local,North York,17,,No Control,Clear,Dry,Non-Fatal Injury,Pedestrian Collisions,15 to 19,Major,,,,Running onto Roadway,Inattentive,"-79.37019, 43.803245"
1372377,2013,15,Minor Arterial,Etobicoke York,1,,Pedestrian Crossover,Clear,Dry,Fatal,Pedestrian Collisions,15 to 19,None,,Failed to Yield Right of Way,Normal,,,"-79.606792, 43.730746"
1353471,2013,15,Major Arterial,Scarborough,24,At Intersection,Traffic Signal,Clear,Dry,Non-Fatal Injury,Pedestrian Collisions,15 to 19,None,,Improper Turn,Inattentive,,,"-79.19929, 43.757045"
5000847589,2015,15,Collector,Scarborough,23,At Intersection,Stop Sign,Clear,Dry,Non-Fatal Injury,Pedestrian Collisions,15 to 19,Major,,,,Crossing with right of way,Normal,"-79.27634, 43.787783"
5001836357,2015,15,Major Arterial,Scarborough,21,Intersection Related,No Control,Clear,Dry,Non-Fatal Injury,Pedestrian Collisions,15 to 19,Minimal,,,,"Crossing, no Traffic Control",Unknown,"-79.307399, 43.742633"
9001464192,2019,15,Major Arterial,Toronto and East York,10,Non Intersection,No Control,Clear,Dry,Non-Fatal Injury,Pedestrian Collisions,15 to 19,Major,,,,,Normal,"-79.382252, 43.648219"
9001464192,2019,15,Major Arterial,Toronto and East York,10,Non Intersection,No Control,Clear,Dry,Non-Fatal Injury,Pedestrian Collisions,15 to 19,Minor,,,,,Normal,"-79.382252, 43.648219"
9001464192,2019,15,Major Arterial,Toronto and East York,10,Non Intersection,No Control,Clear,Dry,Non-Fatal Injury,Pedestrian Collisions,15 to 19,Minimal,,,,,Normal,"-79.382252, 43.648219"
960441,2007,16,Major Arterial,North York,15,At Intersection,Pedestrian Crossover,Clear,Dry,Non-Fatal Injury,Pedestrian Collisions,15 to 19,Major,,,,"Crossing, Pedestrian Crossover",Normal,"-79.39159, 43.746445"
937526,2006,16,Major Arterial,North York,,At Intersection,Traffic Signal,Clear,Dry,Non-Fatal Injury,Pedestrian Collisions,15 to 19,Major,,,,Crossing with right of way,Normal,"-79.38979, 43.774345"
967321,2007,16,Local,North York,18,,No Control,Clear,Dry,Non-Fatal Injury,Pedestrian Collisions,15 to 19,Major,,,,Running onto Roadway,Normal,"-79.41909, 43.796445"
944879,2007,16,Minor Arterial,North York,18,At Intersection,Stop Sign,Clear,Wet,Non-Fatal Injury,Pedestrian Collisions,15 to 19,None,,,,,,"-79.42669, 43.768645"
944879,2007,16,Minor Arterial,North York,18,At Intersection,Stop Sign,Clear,Wet,Non-Fatal Injury,Pedestrian Collisions,15 to 19,None,,Disobeyed Traffic Control,Normal,,,"-79.42669, 43.768645"
1063278,2008,16,Major Arterial,Etobicoke York,5,,No Control,Clear,Dry,Non-Fatal Injury,Pedestrian Collisions,15 to 19,Major,,,,On Sidewalk or Shoulder,Inattentive,"-79.49239, 43.668645"
1165188,2010,16,Major Arterial,Toronto and East York,,,Streetcar (Stop for),Clear,Dry,Non-Fatal Injury,Pedestrian Collisions,15 to 19,None,,Disobeyed Traffic Control,Unknown,,,"-79.38089, 43.656345"
1278436,2011,16,Major Arterial,Toronto and East York,11,,No Control,Clear,Dry,Non-Fatal Injury,Pedestrian Collisions,15 to 19,Major,,,,Running onto Roadway,Inattentive,"-79.39919, 43.655845"
3001133431,2013,16,Major Arterial,North York,6,At Intersection,No Control,Clear,Dry,Non-Fatal Injury,Pedestrian Collisions,15 to 19,Major,,,,Running onto Roadway,Inattentive,"-79.430812, 43.756991"
5000760761,2015,16,Major Arterial,Scarborough,24,At Intersection,Traffic Signal,Clear,Dry,Non-Fatal Injury,Pedestrian Collisions,15 to 19,Major,,,,Crossing without right of way,Inattentive,"-79.224674, 43.757769"
5000760761,2015,16,Major Arterial,Scarborough,24,At Intersection,Traffic Signal,Clear,Dry,Non-Fatal Injury,Pedestrian Collisions,15 to 19,Major,,,,Crossing without right of way,Inattentive,"-79.224674, 43.757769"
7001157436,2017,16,Minor Arterial,Scarborough,23,At Intersection,No Control,Clear,Dry,Non-Fatal Injury,Pedestrian Collisions,15 to 19,Major,,,,Coming From Behind Parked Vehicle,Inattentive,"-79.263141, 43.823207"
7002024168,2017,16,Major Arterial,Etobicoke York,5,At Intersection,Traffic Signal,Clear,Dry,Non-Fatal Injury,Pedestrian Collisions,15 to 19,Major,,,,Crossing with right of way,Normal,"-79.53358, 43.707713"
9000383019,2019,16,Major Arterial,North York,,Non Intersection,No Control,Clear,Dry,Non-Fatal Injury,Pedestrian Collisions,15 to 19,None,,Driving Properly,Normal,,,"-79.323612, 43.776527"
9000383019,2019,16,Major Arterial,North York,,Non Intersection,No Control,Clear,Dry,Non-Fatal Injury,Pedestrian Collisions,15 to 19,None,,,,,,"-79.323612, 43.776527"
9000383019,2019,16,Major Arterial,North York,,Non Intersection,No Control,Clear,Dry,Non-Fatal Injury,Pedestrian Collisions,15 to 19,None,,,,,,"-79.323612, 43.776527"
9000383019,2019,16,Major Arterial,North York,,Non Intersection,No Control,Clear,Dry,Non-Fatal Injury,Pedestrian Collisions,15 to 19,None,,,,,,"-79.323612, 43.776527"
9000383019,2019,16,Major Arterial,North York,,Non Intersection,No Control,Clear,Dry,Non-Fatal Injury,Pedestrian Collisions,15 to 19,None,,,,,,"-79.323612, 43.776527"
9000408644,2019,16,Major Arterial,Scarborough,20,At Intersection,Traffic Signal,Clear,Dry,Non-Fatal Injury,Pedestrian Collisions,15 to 19,Major,,,,,Inattentive,"-79.251262, 43.70634"
9000786500,2019,16,Major Arterial,Scarborough,20,Intersection Related,Traffic Signal,Rain,Wet,Non-Fatal Injury,Pedestrian Collisions,15 to 19,Major,,,,,Normal,"-79.282734, 43.716178"
905024,2006,17,Major Arterial,Etobicoke York,7,,No Control,Rain,Wet,Non-Fatal Injury,Pedestrian Collisions,15 to 19,None,,Driving Properly,Normal,,,"-79.52399, 43.717445"
1045692,2008,17,Major Arterial,North York,15,At Intersection,Traffic Signal,Clear,Dry,Non-Fatal Injury,Pedestrian Collisions,15 to 19,Major,,,,Crossing with right of way,Normal,"-79.38899, 43.747045"
1098055,2009,17,Major Arterial,Toronto and East York,,,No Control,Clear,Dry,Non-Fatal Injury,Pedestrian Collisions,15 to 19,Major,,,,"Crossing, no Traffic Control",Normal,"-79.37999, 43.648045"
1120474,2009,17,Minor Arterial,Toronto and East York,19,At Intersection,Traffic Signal,Clear,Dry,Non-Fatal Injury,Pedestrian Collisions,15 to 19,Major,,,,Crossing with right of way,Normal,"-79.29469, 43.685145"
1179647,2010,17,Major Arterial,North York,8,At Intersection,Traffic Signal,Clear,Dry,Non-Fatal Injury,Pedestrian Collisions,15 to 19,None,,Following too Close,Normal,,,"-79.41169, 43.712045"
1139022,2009,17,Major Arterial,Toronto and East York,19,At Intersection,Traffic Signal,Rain,Wet,Non-Fatal Injury,Pedestrian Collisions,15 to 19,Major,,,,Crossing with right of way,Normal,"-79.30589, 43.706945"
1264639,2011,17,Major Arterial,North York,16,,No Control,Clear,Dry,Non-Fatal Injury,Pedestrian Collisions,15 to 19,None,,Driving Properly,Normal,,,"-79.33459, 43.710445"
5001353530,2015,17,Major Arterial,North York,6,At Intersection,Traffic Signal,Clear,Dry,Non-Fatal Injury,Pedestrian Collisions,15 to 19,Major,,,,Crossing without right of way,Normal,"-79.482768, 43.748278"
6001603750,2016,17,Local,Toronto and East York,12,Non Intersection,No Control,Clear,Dry,Non-Fatal Injury,Pedestrian Collisions,15 to 19,Major,,,,Other,Other,"-79.444896, 43.691344"
9000794551,2019,17,Major Arterial,Etobicoke York,3,At Intersection,Traffic Signal,Clear,Dry,Non-Fatal Injury,Pedestrian Collisions,15 to 19,Major,,,,,Normal,"-79.511661, 43.624335"
8002325561,2018,17,Local,North York,17,Non Intersection,No Control,Clear,Dry,Non-Fatal Injury,Pedestrian Collisions,15 to 19,None,,,,,,"-79.339618, 43.785533"
899914,2006,18,Local,North York,8,,No Control,Clear,Dry,Non-Fatal Injury,Pedestrian Collisions,15 to 19,None,,Driving Properly,Normal,,,"-79.43919, 43.708045"
948014,2006,18,Major Arterial,Scarborough,,,No Control,Rain,Wet,Non-Fatal Injury,Pedestrian Collisions,15 to 19,Major,,,,"Crossing, no Traffic Control",Normal,"-79.25609, 43.734945"
1004974,2007,18,Major Arterial,Scarborough,23,At Intersection,No Control,Clear,Dry,Non-Fatal Injury,Pedestrian Collisions,15 to 19,None,,Following too Close,Normal,,,"-79.22979, 43.795645"
1001762,2007,18,Collector,Scarborough,23,,Pedestrian Crossover,Rain,Wet,Non-Fatal Injury,Pedestrian Collisions,15 to 19,Minimal,,,,"Crossing, Pedestrian Crossover",Normal,"-79.27119, 43.809245"
1117245,2009,18,Local,Toronto and East York,9,,Stop Sign,Clear,Dry,Non-Fatal Injury,Pedestrian Collisions,15 to 19,None,,Driving Properly,Normal,,,"-79.43459, 43.682245"
1136012,2009,18,Minor Arterial,Toronto and East York,9,,No Control,Clear,Dry,Non-Fatal Injury,Pedestrian Collisions,15 to 19,None,,Driving Properly,Normal,,,"-79.43789, 43.685045"
1240994,2011,18,Major Arterial,North York,,At Intersection,Traffic Signal,Clear,Dry,Non-Fatal Injury,Pedestrian Collisions,15 to 19,Major,,,,Running onto Roadway,Inattentive,"-79.439349, 43.69797"
1242543,2011,18,Minor Arterial,Toronto and East York,9,,No Control,Clear,Dry,Non-Fatal Injury,Pedestrian Collisions,15 to 19,None,,Failed to Yield Right of Way,Normal,,,"-79.44939, 43.671345"
1316338,2012,18,Collector,Etobicoke York,1,,No Control,Clear,Dry,Fatal,Pedestrian Collisions,15 to 19,None,,Lost control,Normal,,,"-79.58959, 43.695545"
1316338,2012,18,Collector,Etobicoke York,1,,No Control,Clear,Dry,Fatal,Pedestrian Collisions,15 to 19,Fatal,32,,,On Sidewalk or Shoulder,Normal,"-79.58959, 43.695545"
1316338,2012,18,Collector,Etobicoke York,1,,No Control,Clear,Dry,Fatal,Pedestrian Collisions,15 to 19,None,,,,On Sidewalk or Shoulder,Normal,"-79.58959, 43.695545"
7000857576,2017,18,Major Arterial,Etobicoke York,5,Non Intersection,No Control,Clear,Dry,Non-Fatal Injury,Pedestrian Collisions,15 to 19,Major,,,,"Crossing, no Traffic Control",Medical or Physical Disability,"-79.496097, 43.677169"
6001989183,2016,18,Major Arterial,Etobicoke York,2,At Intersection,Traffic Signal,Rain,Wet,Non-Fatal Injury,Pedestrian Collisions,15 to 19,Major,,,,Crossing with right of way,Normal,"-79.540462, 43.683188"
9002250023,2019,18,Major Arterial,Etobicoke York,5,At Intersection,No Control,Rain,Wet,Non-Fatal Injury,Pedestrian Collisions,15 to 19,Major,,,,,Normal,"-79.490627, 43.686729"
9002465950,2019,18,Major Arterial,Scarborough,24,Intersection Related,Traffic Signal,,,Fatal,Pedestrian Collisions,15 to 19,Fatal,62,,,On Sidewalk or Shoulder,Unknown,"-79.233852, 43.781672"
9002465950,2019,18,Major Arterial,Scarborough,24,Intersection Related,Traffic Signal,,,Fatal,Pedestrian Collisions,15 to 19,Fatal,61,,,On Sidewalk or Shoulder,Unknown,"-79.233852, 43.781672"
931507,2006,19,Major Arterial,Toronto and East York,19,At Intersection,Stop Sign,Clear,Dry,Non-Fatal Injury,Pedestrian Collisions,15 to 19,None,,,,,,"-79.29269, 43.690245"
942452,2006,19,Major Arterial,Toronto and East York,10,At Intersection,Traffic Signal,Clear,Dry,Non-Fatal Injury,Pedestrian Collisions,15 to 19,Major,,,,Crossing without right of way,Normal,"-79.36989, 43.645645"
981588,2007,19,Major Arterial,North York,18,,No Control,Clear,Dry,Non-Fatal Injury,Pedestrian Collisions,15 to 19,None,,Driving Properly,Normal,,,"-79.41279, 43.768845"
1011055,2007,19,Major Arterial,Toronto and East York,13,,No Control,Clear,Dry,Non-Fatal Injury,Pedestrian Collisions,15 to 19,None,,Driving Properly,Normal,,,"-79.37689, 43.662945"
1116707,2009,19,Major Arterial,Toronto and East York,,,Stop Sign,Clear,Dry,Non-Fatal Injury,Pedestrian Collisions,15 to 19,None,,,,,,"-79.40849, 43.651745"
1113557,2009,19,Major Arterial,North York,6,,No Control,Clear,Dry,Non-Fatal Injury,Pedestrian Collisions,15 to 19,Major,,,,Crossing with right of way,Inattentive,"-79.48249, 43.728545"
1138372,2009,19,Minor Arterial,Scarborough,20,,No Control,Clear,Dry,Non-Fatal Injury,Pedestrian Collisions,15 to 19,Major,,,,Other,Normal,"-79.25509, 43.727445"
1280694,2012,19,Major Arterial,North York,18,At Intersection,Traffic Signal,Clear,Wet,Non-Fatal Injury,Pedestrian Collisions,15 to 19,Minor,,,,,,"-79.42009, 43.797945"
1381629,2013,19,Collector,North York,18,,No Control,Clear,Dry,Non-Fatal Injury,Pedestrian Collisions,15 to 19,Minimal,,,,Other,Normal,"-79.412151, 43.763011"
4002199854,2014,19,Major Arterial,Scarborough,,At/Near Private Drive,No Control,Clear,Dry,Non-Fatal Injury,Pedestrian Collisions,15 to 19,None,,Improper Turn,Normal,,,"-79.256099, 43.734919"
3000972719,2013,19,Minor Arterial,Etobicoke York,2,Non Intersection,No Control,Clear,Dry,Non-Fatal Injury,Pedestrian Collisions,15 to 19,Major,,,,Playing or Working on Highway,Had Been Drinking,"-79.569782, 43.651686"
5001578731,2015,19,Major Arterial,Scarborough,22,At Intersection,Traffic Signal,Rain,Wet,Non-Fatal Injury,Pedestrian Collisions,15 to 19,Major,,,,Crossing with right of way,Normal,"-79.304385, 43.779551"
6001119393,2016,19,Major Arterial,Toronto and East York,4,Intersection Related,Traffic Signal,Clear,Dry,Non-Fatal Injury,Pedestrian Collisions,15 to 19,Major,,,,Crossing without right of way,Had Been Drinking,"-79.454639, 43.640975"
7000871402,2017,19,Major Arterial,North York,17,At Intersection,Traffic Signal,Clear,Dry,Non-Fatal Injury,Pedestrian Collisions,15 to 19,None,,Driving Properly,Normal,,,"-79.337718, 43.775824"
8001933015,2018,19,Major Arterial,Scarborough,21,At Intersection,Traffic Signal,Clear,Dry,Non-Fatal Injury,Pedestrian Collisions,15 to 19,Major,,,,Crossing without right of way,Inattentive,"-79.271076, 43.767852"
885650,2006,20,,Etobicoke York,3,,No Control,Rain,Wet,Fatal,Pedestrian Collisions,15 to 19,Fatal,,,,Running onto Roadway,Unknown,"-79.52439, 43.618245"
1062444,2008,20,Major Arterial,North York,6,,No Control,Rain,Wet,Non-Fatal Injury,Pedestrian Collisions,15 to 19,None,,,,,,"-79.46989, 43.768145"
1062444,2008,20,Major Arterial,North York,6,,No Control,Rain,Wet,Non-Fatal Injury,Pedestrian Collisions,15 to 19,None,,Driving Properly,Normal,,,"-79.46989, 43.768145"
1124221,2009,20,Major Arterial,North York,,At Intersection,Traffic Signal,Clear,Dry,Fatal,Pedestrian Collisions,15 to 19,Fatal,26,,,Crossing without right of way,Inattentive,"-79.30559, 43.731845"
1107544,2009,20,Major Arterial,Toronto and East York,10,At Intersection,Traffic Signal,Clear,Dry,Non-Fatal Injury,Pedestrian Collisions,15 to 19,None,,,,,,"-79.38659, 43.650845"
1107544,2009,20,Major Arterial,Toronto and East York,10,At Intersection,Traffic Signal,Clear,Dry,Non-Fatal Injury,Pedestrian Collisions,15 to 19,Minimal,,,,,,"-79.38659, 43.650845"
1097142,2009,20,Major Arterial,Scarborough,23,At Intersection,Traffic Signal,Rain,Wet,Non-Fatal Injury,Pedestrian Collisions,15 to 19,None,,Failed to Yield Right of Way,Inattentive,,,"-79.23489, 43.794645"
1173447,2010,20,Major Arterial,North York,6,At Intersection,Stop Sign,Rain,Wet,Non-Fatal Injury,Pedestrian Collisions,15 to 19,Major,,,,Crossing with right of way,Normal,"-79.48549, 43.764645"
1186795,2010,20,Collector,Etobicoke York,1,At Intersection,Stop Sign,Clear,Dry,Non-Fatal Injury,Pedestrian Collisions,15 to 19,Major,,,,"Crossing, no Traffic Control",Inattentive,"-79.600589, 43.733645"
1256647,2011,20,Local,Etobicoke York,2,At Intersection,No Control,Clear,Dry,Non-Fatal Injury,Pedestrian Collisions,15 to 19,Major,,,,Crossing with right of way,Normal,"-79.57319, 43.664845"
1332261,2012,20,Major Arterial,Scarborough,21,,No Control,Rain,Wet,Fatal,Pedestrian Collisions,15 to 19,Fatal,44,,,"Crossing, no Traffic Control",Unknown,"-79.26859, 43.733845"
4001701923,2014,20,Major Arterial,Scarborough,21,Intersection Related,Traffic Signal,Clear,Dry,Non-Fatal Injury,Pedestrian Collisions,15 to 19,None,,Failed to Yield Right of Way,Unknown,,,"-79.245532, 43.739905"
4001840724,2014,20,Major Arterial,North York,15,At Intersection,Pedestrian Crossover,Clear,Dry,Non-Fatal Injury,Pedestrian Collisions,15 to 19,None,,Failed to Yield Right of Way,Inattentive,,,"-79.376323, 43.708693"
4001840724,2014,20,Major Arterial,North York,15,At Intersection,Pedestrian Crossover,Clear,Dry,Non-Fatal Injury,Pedestrian Collisions,15 to 19,None,,,,,,"-79.376323, 43.708693"
141518658,2014,20,Major Arterial,Scarborough,20,,No Control,Clear,Ice,Fatal,Pedestrian Collisions,15 to 19,Fatal,4,,,"Crossing, no Traffic Control",Unknown,"-79.285129, 43.711142"
7000058719,2017,20,Major Arterial,Toronto and East York,13,At Intersection,Traffic Signal,Rain,Wet,Non-Fatal Injury,Pedestrian Collisions,15 to 19,None,,,,,,"-79.374912, 43.651179"
9000865737,2019,20,Major Arterial,Etobicoke York,3,Intersection Related,Traffic Signal,Rain,Wet,Non-Fatal Injury,Pedestrian Collisions,15 to 19,Major,,,,,Normal,"-79.516918, 43.598193"
8002114840,2018,20,Major Arterial,North York,,At Intersection,Traffic Signal,Snow,Wet,Non-Fatal Injury,Pedestrian Collisions,15 to 19,Major,,,,Crossing with right of way,Normal,"-79.39619, 43.803198"
9001835582,2019,20,Minor Arterial,Scarborough,24,Non Intersection,No Control,Clear,Dry,Fatal,Pedestrian Collisions,15 to 19,Fatal,44,,,"Crossing, no Traffic Control",Inattentive,"-79.214244, 43.757247"